{"db": [[0.020744560402746488, 0.28627450980392155, 0.11812589274036205, 0.22745098039215686, 0.4117647058823529, 0.050980392156862744], [0.047650660531128874, 0.1928267225832241, 0.006933824291466922, 0.1509716810125487, 0.18693740670102088, 0.031286537180287136], [4.86986100787042e-07, 7.267065432593624e-05, 4.291231011931941e-05, 0.0005617737897932051, 2.1122770661211654e-05], [0.17329789666056142, 0.13741100168099551, 0.1368611408957881, 0.10464661422839949, 0.1432272044667785], [3.779211680064243e-05, 2.461118797218358e-07, 1.1555584203932398e-07, 1.0070392738343428e-06], [0.1456752749317772, 0.18501616973608118, 0.19212907192497386, 0.17280946312221848], [2.1163089207235864e-05, 6.3665355584608924e-105, 3.7188197578132205e-35], [0.1463685116108539, 0.8890013383214661, 0.38416702509312417]], "m": [[4.76506605311293e-152, 1.9282672258322583e-151, 6.933824291466984e-153, 1.5097168101255007e-151, 1.8693740670102255e-151, 3.1286537180287415e-152], [2.1122770661211843e-155, 2.1122770661211843e-155, 2.1122770661211843e-155, 2.1122770661211843e-155, 2.1122770661211843e-155, 2.1122770661211843e-155], [1.7329789666056296e-151, 1.3741100168099675e-151, 1.3686114089578933e-151, 1.0464661422840043e-151, 1.4322720446677979e-151], [1.0070392738343518e-156, 1.0070392738343518e-156, 1.0070392738343518e-156, 1.0070392738343518e-156, 1.0070392738343518e-156], [1.4567527493177852e-151, 1.8501616973608284e-151, 1.9212907192497557e-151, 1.7280946312222003e-151], [3.7188197578132536e-185, 3.7188197578132536e-185, 3.7188197578132536e-185, 3.7188197578132536e-185], [1.463685116108552e-151, 8.89001338321474e-151, 3.841670250931276e-151], [[1.9966079178677217e-156], [-5.873286290493418e-157], [3.058380895301461e-156]]], "lr": 6.422627514924443e-05, "w": [[[0.020821235841618997], [0.28627450980392155], [0.118298376853445], [0.22745098039215686], [0.4117647058823529], [0.050980392156862744]], [[0.047650660531128874], [0.1928267225832241], [0.006933824291466922], [0.1509716810125487], [0.18693740670102088], [0.031286537180287136]], [[4.86986100787042e-07], [7.267065432593624e-05], [4.291231011931941e-05], [0.0005617737897932051], [2.1122770661211654e-05]], [[0.17329789666056142], [0.13741100168099551], [0.1368611408957881], [0.10464661422839949], [0.1432272044667785]], [[3.779211680064243e-05], [2.461118797218358e-07], [1.1555584203932398e-07], [1.0070392738343428e-06]], [[0.1456752749317772], [0.18501616973608118], [0.19212907192497386], [0.17280946312221848]], [[2.1163089207235864e-05], [6.3665355584608924e-105], [3.7188197578132205e-35]], [[0.1463685116108539], [0.8890013383214661], [0.38416702509312417]]], "b": [[0.047650660531128874, 0.1928267225832241, 0.006933824291466922, 0.1509716810125487, 0.18693740670102088, 0.031286537180287136], [2.1122770661211654e-05, 2.1122770661211654e-05, 2.1122770661211654e-05, 2.1122770661211654e-05, 2.1122770661211654e-05, 2.1122770661211654e-05], [0.17329789666056142, 0.13741100168099551, 0.1368611408957881, 0.10464661422839949, 0.1432272044667785], [1.0070392738343428e-06, 1.0070392738343428e-06, 1.0070392738343428e-06, 1.0070392738343428e-06, 1.0070392738343428e-06], [0.1456752749317772, 0.18501616973608118, 0.19212907192497386, 0.17280946312221848], [3.7188197578132205e-35, 3.7188197578132205e-35, 3.7188197578132205e-35, 3.7188197578132205e-35], [0.1463685116108539, 0.8890013383214661, 0.38416702509312417], [1.996607917867704e-06, -5.873286290493366e-07, 3.0583808953014337e-06]], "la": [6, 6, 5, 5, 4, 4, 3, 3], "nodes": 8, "p": [[0.07728244292927262, 0, 0.2102797645067112, 0, 0, 0], [0.013724098270879356, 0.05547130814009439, 0.0020154710746371754, 0.04343535485388258, 0.05377775955738614, 0.00901839257895241], [0.1732980022567112, 0.13742348996144185, 0.13686851944792305, 0.10474228665770768, 0.14323085092828355], [0.1205406834305917, 0.09557907630908144, 0.0951966133361945, 0.07278937192518534, 0.09962461343070778], [0.14569010586445832, 0.18501626761972315, 0.19212911801186938, 0.1728098618387318], [0.10133832810205776, 0.12870563876870433, 0.1336536961251323, 0.12021410003324975], [0.14637643781887957, 0.889000679400852, 0.38416766585796364], [0.20779017455610693, 1.2619723245620622, 0.5453637807616809]]}